epoch,learning_rate,lr,train_loss,train_dice_loss,train_bce_loss,val_loss,val_dice_loss,val_bce_loss,val_dice,dice_wt,dice_tc,dice_et,mean_dice
1,0.001,0.001,0.22653946558832086,0.19571592184170414,0.030823543799410786,0.36482996724033623,0.34747195311138335,0.017358013957091842,0.8876215116725877,0.9206897799317386,0.8706440748806852,0.8715306802053394,0.8876215116725877
2,0.001,0.001,0.12201459800770699,0.10684020666574087,0.015174391377995491,0.34708083955822966,0.33210031867813744,0.014980520483523945,0.9032297139477143,0.9291816007493557,0.8865544351741229,0.8939531059196645,0.9032297139477143
3,0.001,0.001,0.10762008913443699,0.09415573965344556,0.01346434951797669,0.34686007174107664,0.33016857510894365,0.01669149636456389,0.8979165468622452,0.9273480074681201,0.8720976051785472,0.8943040279400686,0.8979165468622452
4,0.001,0.001,0.10232996553201426,0.08962309718033196,0.012706868345652893,0.33330831334913663,0.31798546366531577,0.01532284985306767,0.9070028998469862,0.9299963868519308,0.8906983981351047,0.9003139145539233,0.9070028998469862
5,0.001,0.001,0.09529023264447566,0.08340208867108033,0.011888143984865901,0.34423424715289186,0.32899261490399084,0.015241632112221539,0.9073723970091924,0.9280560959105751,0.8963903841690738,0.8976707109479282,0.9073723970091924
6,0.001,0.001,0.09294535842962821,0.08143819526506133,0.011507163123758097,0.3309767303699559,0.3172571652735952,0.013719565105163443,0.9136493140390923,0.9366620395388283,0.9017928844200093,0.9024930181584392,0.9136493140390923
7,0.001,0.001,0.08998716873767232,0.0788787698489963,0.011108398903528934,0.3313801852512166,0.31654727084250717,0.014832914522462498,0.9112409416367209,0.9322096733000333,0.8957635414577216,0.9057496101524074,0.9112409416367209
8,0.001,0.001,0.0871939661165709,0.07649376349882192,0.010700202593999005,0.33442745681599717,0.3185622889233767,0.015865167344632503,0.9080871649112093,0.9172442441533903,0.9065763328021991,0.9004409177780386,0.9080871649112093
9,0.001,0.001,0.08654568431472187,0.07592075045215996,0.010624933845282528,0.3097334099260949,0.29640160730135556,0.013331802442864357,0.9189337559604978,0.9370648488227408,0.9100519282547939,0.9096844908039587,0.9189337559604978
10,0.001,0.001,0.08366571014081436,0.07343578824857842,0.010229921849294802,0.3121718465487868,0.29923361887131145,0.012938227745933225,0.9208495851842756,0.9412756751028946,0.9089670216303596,0.9123060588195725,0.9208495851842756
11,0.001,0.001,0.08392189563817179,0.07362410838551174,0.010297787260895334,0.30996645486988533,0.29745848210794584,0.012507972671090635,0.9217924013610341,0.9393173133397575,0.9147079697959071,0.9113519209474377,0.9217924013610341
12,0.001,0.001,0.08102889227526891,0.0710408108721558,0.00998808142579692,0.3079072838723357,0.2956040046449332,0.01230327944047859,0.9238674717742493,0.9425333322047063,0.9159829439530425,0.9130861391649991,0.9238674717742493
13,0.001,0.001,0.080307791382192,0.0704632816836532,0.009844509726479949,0.3231557078236056,0.30927025748048603,0.013885449942297557,0.9185429172331129,0.9422124620025902,0.9043874925929983,0.9090287971037498,0.9185429172331129
14,0.001,0.001,0.08007528961290686,0.07032445434892082,0.009750835249353699,0.31049145517203897,0.2971186390738822,0.013372815982383976,0.921687576800409,0.9379383107022329,0.9135509537818265,0.9135734659171675,0.921687576800409
15,0.001,0.001,0.07898359838446678,0.06937151630940679,0.009612082090574677,0.3101087035958657,0.2963057338569452,0.01380297033834047,0.9224710794240898,0.9395913537577598,0.9113051787907572,0.9165167057237524,0.9224710794240898
16,0.001,0.001,0.078306067878486,0.06877668035100012,0.009529387514397664,0.30940861442282064,0.29595454885092404,0.013454065286559477,0.9207138394099313,0.9418981209488761,0.9103786847086245,0.9098647125722934,0.9207138394099313
17,0.001,0.001,0.07614246620397357,0.06681865606366995,0.009323810177877105,0.3134142612781781,0.29987731873818957,0.01353694331030586,0.9198204705523411,0.939840475891947,0.9091736345886055,0.9104473011764704,0.9198204705523411
18,0.001,0.001,0.07578666512727192,0.06654987349275653,0.009236791599294844,0.30584394217172695,0.2927625860779744,0.013081356595754844,0.9241151279213778,0.9436697354925767,0.9132019499608918,0.9154736983106648,0.9241151279213778
19,0.001,0.001,0.076181893028553,0.06704725940283414,0.009134633592336537,0.3025551400700595,0.28910986523611143,0.013445274318926191,0.9229137239973264,0.9445012622527126,0.9123458203992341,0.9118940893400322,0.9229137239973264
20,0.001,0.001,0.07518417597141722,0.06613174199730924,0.009052433974585912,0.30243377291673756,0.28921148215841896,0.013222290022503462,0.9229642146562284,0.9427171000997533,0.9103819661867167,0.9157935776822151,0.9229642146562284
21,0.001,0.001,0.07322443788054993,0.06434025120277757,0.00888418665766209,0.3149777464464636,0.3013674628251369,0.013610284015044416,0.9204198223594847,0.944295456538785,0.9053316870700489,0.9116323234696204,0.9204198223594847
22,0.001,0.001,0.07204728355619762,0.06326225214088846,0.008785031460566464,0.31348914690967955,0.29902902104582496,0.014460125734057845,0.9190376826427084,0.9408543811873917,0.9082068235664977,0.9080518431742357,0.9190376826427084
23,0.001,0.001,0.07207387040776418,0.06332312330789482,0.008750747101266422,0.3052979571798207,0.2920244977415077,0.013273459426910763,0.9239670921784991,0.9439558491514036,0.9144897210918828,0.9134557062922106,0.9239670921784991
24,0.0005,0.0005,0.07162778009450983,0.06289668625331539,0.008731093892370865,0.30661872418848307,0.29260326419058746,0.01401546053362472,0.9227283654962002,0.9428748195328169,0.9097840947744797,0.9155261821813039,0.9227283654962002
25,0.0005,0.0005,0.06828223316320382,0.060052824357679516,0.008229408823244877,0.30439891993613816,0.29120907756795106,0.013189842204493724,0.9246361784931761,0.9458785149835418,0.912273840533059,0.9157561799629275,0.9246361784931761
26,0.0005,0.0005,0.06795439692106779,0.05984403554643667,0.008110361384116402,0.3052126681264343,0.2917595162271198,0.01345315164623454,0.9232632484939064,0.9436997493428417,0.9120818906632859,0.9140081054755916,0.9232632484939064
27,0.0005,0.0005,0.0665482838302686,0.05852003620145409,0.008028247633667452,0.30716173344477726,0.29298623388765943,0.01417549952308831,0.92343520165785,0.9441480416142358,0.9120250088377443,0.9141325545215697,0.92343520165785
28,0.0005,0.0005,0.06648266842342018,0.05848975383485265,0.007992914599008692,0.30390052996108874,0.29013685299524555,0.01376367652863582,0.9241062113607933,0.9446686948637133,0.9130963821398932,0.9145535570787732,0.9241062113607933
29,0.0005,0.0005,0.06593644325164809,0.05802274992892137,0.007913693411292803,0.3026392693491688,0.28924639245688505,0.013392876919194257,0.9246022231854646,0.944436539888466,0.9143958641119012,0.9149742655560268,0.9246022231854646
30,0.0005,0.0005,0.06566390965222729,0.057798191142081276,0.007865718485513687,0.3018948702593952,0.28858006914495754,0.01331480090872798,0.9251413769668786,0.9459097307121305,0.9145325208451429,0.9149818793433625,0.9251413769668786
31,0.0005,0.0005,0.06460212524371484,0.05682142510817229,0.007780700101020523,0.2989378385311969,0.28570598844543715,0.013231849627232213,0.9260985989172527,0.9461506563610592,0.9161569985655791,0.9159881418251197,0.9260985989172527
32,0.0005,0.0005,0.06446363298981539,0.056712754411346704,0.007750878569939286,0.3057772467247017,0.2923721658428424,0.01340508122928854,0.9239689870299941,0.9450174654915104,0.9147441513908372,0.9121453442076347,0.9239689870299941
33,0.0005,0.0005,0.06408987143358573,0.0564171800131945,0.0076726914511265,0.3004357512975081,0.28685891185975776,0.01357683859080744,0.9249223208410604,0.9460531694918495,0.9156561533275804,0.9130576397037512,0.9249223208410604
34,0.0005,0.0005,0.06368075891712746,0.056038834469311426,0.007641924460095434,0.30465099731905904,0.2906191516398204,0.014031845760376405,0.9235036861527283,0.9450728256052844,0.9141560624921572,0.9112821703607431,0.9235036861527283
35,0.0005,0.0005,0.06357712031279002,0.056007679602428015,0.007569440677420856,0.3019718904623871,0.2881462151358134,0.01382567505060053,0.9245581925731722,0.9445975587406139,0.9139572096653723,0.9151198093135303,0.9245581925731722
36,0.0005,0.0005,0.06313406495877714,0.05559314880387753,0.007540916151627569,0.2994951750961196,0.2854625569215525,0.01403261855524317,0.9255355181003909,0.9450693998255134,0.9163163779138512,0.9152207765618078,0.9255355181003909
37,0.00025,0.00025,0.06244529270667441,0.05496020775983049,0.007485084938976285,0.3040474659974307,0.2899374949271547,0.014109970852399747,0.9238492937744344,0.9439882933987664,0.9142405755798962,0.9133190123446404,0.9238492937744344
38,0.00025,0.00025,0.061048310868866765,0.05375957401307879,0.007288736786670393,0.2983394433016161,0.28527011388269546,0.013069329806553275,0.9260860247360357,0.9459147318900212,0.9177592484123465,0.9145840939057397,0.9260860247360357
39,0.00025,0.00025,0.06044971677901883,0.05322428531362399,0.007225431440688979,0.30164698660997563,0.2878826184548481,0.01376436861420149,0.9260110583043583,0.9455700339944403,0.9158032334081176,0.9166599075105171,0.9260110583043583
40,0.00025,0.00025,0.06042034567618905,0.05322971543982171,0.007190630243757036,0.3010220589800115,0.2871708374416592,0.01385122127573102,0.9259240142950523,0.9454494237518792,0.9180965483563333,0.9142260707769445,0.9259240142950523
41,0.00025,0.00025,0.06066644245977182,0.053496216149545105,0.007170226293131144,0.29982902273721,0.28636054107075687,0.013468481383575136,0.9248120220450059,0.9440222778159167,0.9189997439681205,0.9114140443509804,0.9248120220450059
42,0.00025,0.00025,0.05978810600259943,0.0526645505304079,0.007123555433368035,0.30138292801664496,0.2871997695972973,0.014183158179889025,0.9254862531576333,0.9464726636964417,0.9144571274463759,0.9155289683300826,0.9254862531576333
43,0.000125,0.000125,0.05942235758168408,0.05231525019615931,0.007107107365782142,0.2989884644966082,0.28555227008092166,0.013436193384269247,0.925428016805653,0.9459845751496136,0.9156484624236617,0.9146510128436836,0.925428016805653
44,0.000125,0.000125,0.058920665154845044,0.05192343319020489,0.00699723196695633,0.30186863829738836,0.2877667028219665,0.014101934790311382,0.9252830146333855,0.945534462761705,0.9139824267478753,0.9163321543905762,0.9252830146333855
45,0.000125,0.000125,0.05887302659015491,0.051910922219207664,0.006962104316737745,0.299457257327597,0.28569983922567077,0.0137574176450972,0.9252502373662486,0.9460273178380093,0.9153706625340694,0.9143527317266666,0.9252502373662486
46,0.000125,0.000125,0.05861441510234345,0.05166163018860656,0.0069527849595089055,0.2985923770636479,0.2853576038273813,0.013234773660476542,0.925331773567012,0.9458777408690937,0.916701977049844,0.913415602782098,0.925331773567012
47,0.000125,0.000125,0.05878170058495923,0.0518511783325162,0.0069305222168180676,0.30249154340382217,0.2881462657027773,0.014345277978339928,0.9245416283471751,0.9452900745406523,0.9143316489979073,0.9140031615029659,0.9245416283471751
48,0.000125,0.000125,0.057952808050626116,0.05105234551501278,0.006900462564878012,0.301792322612866,0.28732799411772836,0.014464328166561942,0.9243087859031481,0.9454253575345335,0.9142233714536396,0.9132776287212709,0.9243087859031481
49,0.000125,0.000125,0.05787144122874965,0.05099423027694574,0.0068772109301862856,0.2979457105461019,0.2840610639780828,0.013884646597647304,0.9262492179627017,0.9452520060568123,0.9174542116651488,0.916041436166144,0.9262492179627017
50,0.000125,0.000125,0.05805335608636732,0.051177428036189354,0.006875928058302962,0.29887734180180686,0.284941798168197,0.013935543404619378,0.9254349863342123,0.9459269330568771,0.9156373076133291,0.9147407183324308,0.9254349863342123
51,0.000125,0.000125,0.05778382809562987,0.05091413533905944,0.006869692753445426,0.30160741215541986,0.28700228262975325,0.014605129442941133,0.9246263752156282,0.94477160527023,0.9146610535926387,0.9144464667840159,0.9246263752156282
52,0.000125,0.000125,0.05732956764957511,0.050481999075028754,0.006847568570833125,0.299222436528185,0.2853309323368899,0.013891504187403276,0.9255060225817114,0.94553507717812,0.9163947759859399,0.9145882145810742,0.9255060225817114
53,0.000125,0.000125,0.057612714989291124,0.050771455644158865,0.006841259355021951,0.30074991096936937,0.28699354197857374,0.013756369560185028,0.9247926735008565,0.946307789679839,0.9148824160572844,0.9131878147654459,0.9247926735008565
54,0.000125,0.000125,0.05752388860859164,0.05070973226155562,0.006814156326447809,0.29829210160355435,0.28464797901051564,0.013644122527091651,0.9260831063406475,0.9449215672502778,0.9183950661936601,0.9149326855780044,0.9260831063406475
55,6.25e-05,6.25e-05,0.0575201565547707,0.05071892683448224,0.006801229726428161,0.2985721962775518,0.2845573562299712,0.014014839664829396,0.9258043083711339,0.9458153825680056,0.9183012571912121,0.9132962853541844,0.9258043083711339
56,6.25e-05,6.25e-05,0.05704119881109455,0.050287094570139884,0.006754104275256101,0.3009457633823754,0.2868663525443729,0.014079411261569896,0.9252308403973425,0.9456413349583966,0.9169366078226844,0.9131145784109466,0.9252308403973425
57,6.25e-05,6.25e-05,0.05707672632937745,0.05032466616103308,0.006752060183050243,0.3004100742232101,0.2862838894370787,0.014126184496939262,0.925150624959325,0.9448986974892026,0.9173641074487822,0.9131890699399902,0.925150624959325
58,6.25e-05,6.25e-05,0.05679019914195001,0.05004998560440158,0.006740213569239565,0.29880486033049614,0.2851969359002571,0.013607924345733817,0.9256350350666763,0.945987731474619,0.9169474613965793,0.9139699123288304,0.9256350350666763
59,6.25e-05,6.25e-05,0.05728594039077257,0.050571141307169123,0.00671479907580933,0.30155104864081494,0.28730251172080584,0.014248536636584574,0.9243530551942986,0.944677669321497,0.9153597262505356,0.9130217700108634,0.9243530551942986
60,6.25e-05,6.25e-05,0.05678729522316241,0.05006335794951572,0.00672393731783782,0.30128398434979997,0.2871792858432949,0.014104698769550976,0.9247208363242501,0.9447205576560483,0.9167644193686865,0.9126775319480154,0.9247208363242501
61,3.125e-05,3.125e-05,0.05680116092482958,0.05008613526851725,0.006715025641974111,0.30080484914121003,0.28677279264797295,0.01403205617702369,0.9251508828586298,0.9454248770233991,0.9170440018513617,0.9129837697011288,0.9251508828586298
62,3.125e-05,3.125e-05,0.056647261222608276,0.04997225361173985,0.006675007656713974,0.2988407094512712,0.2850027748125288,0.013837934668437064,0.9258424595541014,0.9453643118458126,0.9182720317958376,0.913891035020654,0.9258424595541014
63,3.125e-05,3.125e-05,0.056863220571205735,0.05017298736182901,0.006690233202391437,0.30073480695614624,0.2868158243590882,0.013918982260883308,0.9249270237756733,0.9455359746268193,0.9163701950400714,0.9128749016601293,0.9249270237756733
64,3.125e-05,3.125e-05,0.05638431933041284,0.04974067298562798,0.00664364634324074,0.2992169072095799,0.28517631361668894,0.014040593622977009,0.9254173326308912,0.9456409192790436,0.9170746263188393,0.9135364522947905,0.9254173326308912
65,3.125e-05,3.125e-05,0.05605203887518597,0.049390603214521156,0.006661435689083901,0.3004525454081094,0.2864042954806279,0.014048250059582306,0.9252388681036218,0.9453630061169049,0.9173589787105157,0.9129946194834448,0.9252388681036218
66,3.125e-05,3.125e-05,0.056314967355630456,0.04965035679469115,0.00666461057053488,0.299059725655075,0.2852316413474579,0.013828083830376328,0.9258892187548118,0.9457410024002815,0.9179449003737054,0.9139817534904483,0.9258892187548118
67,1.5625e-05,1.5625e-05,0.05610314196808896,0.04945390220786203,0.006649239751918116,0.3006386922942264,0.28666933069742445,0.013969361150636796,0.9248982664295552,0.9458386879454936,0.9165255237739655,0.9123305875692067,0.9248982664295552
68,1.5625e-05,1.5625e-05,0.055806541723929626,0.049158438477243424,0.006648103312789081,0.3010946603610533,0.28712084882416966,0.013973811566504452,0.9247850354035912,0.945499676706997,0.9164644282188484,0.9123910012849284,0.9247850354035912
69,1.5625e-05,1.5625e-05,0.0560568482590789,0.04942439970869636,0.006632448538654605,0.29973623203810806,0.28592822707355764,0.013808005520403331,0.9256332352498063,0.9457842427531584,0.9178102440324624,0.9133052189637982,0.9256332352498063
